<?xml version="1.0" encoding="UTF-8"?>
<beans xmlns="http://www.springframework.org/schema/beans" xmlns:xsi="http://www.w3.org/2001/XMLSchema-instance" xsi:schemaLocation="http://www.springframework.org/schema/beans http://www.springframework.org/schema/beans/spring-beans-4.3.xsd"
	default-lazy-init="true">

	<bean id="shiroFilter" class="org.apache.shiro.spring.web.ShiroFilterFactoryBean">
		<property name="securityManager" ref="securityManager" />
		<property name="unauthorizedUrl" value="/common/error/unauthorized" />
		<property name="filterChainDefinitionMap">
			<map>


				<entry key="/admin" value="anon" />
				<entry key="/admin/" value="anon" />
				<entry key="/admin/login" value="adminAuthc" />
				<entry key="/admin/logout" value="logout" />
				<entry key="/admin/area/**" value="adminAuthc,perms[admin:area]" />
				<entry key="/admin/admin/**" value="adminAuthc,perms[admin:admin]" />
				<entry key="/admin/role/**" value="adminAuthc,perms[admin:role]" />
				<entry key="/admin/audit_log/**" value="adminAuthc,perms[admin:auditLog]" />

				<entry key="/admin/**" value="adminAuthc" />
			</map>
		</property>
		<property name="filters">
			<map>
				<entry key="adminAuthc">
					<bean class="net.ptnetwork.security.AuthenticationFilter">
						<property name="userClass" value="net.ptnetwork.entity.Admin" />
						<property name="loginUrl" value="/admin/login" />
						<property name="successUrl" value="/admin/index" />
					</bean>
				</entry>
				<entry key="logout">
					<bean class="net.ptnetwork.security.LogoutFilter" >
						<property name="redirectUrl" value="/admin/login"></property>
					</bean>
				</entry>
			</map>
		</property>
	</bean>

	<bean id="securityManager" class="org.apache.shiro.web.mgt.DefaultWebSecurityManager">
		<property name="realm" ref="authorizingRealm" />
		<property name="cacheManager" ref="shiroCacheManager" />
	</bean>

	<bean id="authorizingRealm" class="net.ptnetwork.security.AuthorizingRealm">
		<property name="authorizationCacheName" value="authorization" />
	</bean>

	<bean id="shiroCacheManager" class="org.apache.shiro.cache.ehcache.EhCacheManager">
		<property name="cacheManager" ref="ehCacheManager" />
	</bean>

	<bean class="org.springframework.beans.factory.config.MethodInvokingFactoryBean">
		<property name="staticMethod" value="org.apache.shiro.SecurityUtils.setSecurityManager" />
		<property name="arguments" ref="securityManager" />
	</bean>

</beans>