<?xml version="1.0" encoding="UTF-8"?>
<beans xmlns="http://www.springframework.org/schema/beans" xmlns:xsi="http://www.w3.org/2001/XMLSchema-instance" xmlns:context="http://www.springframework.org/schema/context" xmlns:mvc="http://www.springframework.org/schema/mvc"
	xsi:schemaLocation="http://www.springframework.org/schema/beans http://www.springframework.org/schema/beans/spring-beans-4.3.xsd
	http://www.springframework.org/schema/context http://www.springframework.org/schema/context/spring-context-4.3.xsd
	http://www.springframework.org/schema/mvc http://www.springframework.org/schema/mvc/spring-mvc-4.3.xsd"
	default-lazy-init="true">

	<context:property-placeholder location="classpath*:/ptnetwork.properties" ignore-resource-not-found="true" ignore-unresolvable="true" />

	<context:component-scan base-package="net.ptnetwork" use-default-filters="false">
		<context:include-filter type="annotation" expression="org.springframework.stereotype.Controller" />
		<context:include-filter type="annotation" expression="org.springframework.web.bind.annotation.ControllerAdvice" />
	</context:component-scan>

	<mvc:annotation-driven validator="validator">
		<mvc:path-matching suffix-pattern="false" trailing-slash="false" />
		<mvc:argument-resolvers>
			<bean class="org.springframework.mobile.device.DeviceWebArgumentResolver" />
			<bean class="org.springframework.mobile.device.site.SitePreferenceWebArgumentResolver" />
			<bean class="net.ptnetwork.security.CurrentUserMethodArgumentResolver" />
			<bean class="net.ptnetwork.audit.AuditLogMethodArgumentResolver" />
		</mvc:argument-resolvers>
		<mvc:message-converters>
			<bean class="org.springframework.http.converter.BufferedImageHttpMessageConverter" />
			<bean class="org.springframework.http.converter.json.MappingJackson2HttpMessageConverter">
				<property name="supportedMediaTypes">
					<list>
						<value>${json_content_type}</value>
						<value>${html_content_type}</value>
					</list>
				</property>
			</bean>
		</mvc:message-converters>
	</mvc:annotation-driven>

	<mvc:resources mapping="/robots.txt" location="/robots.txt" cache-period="86400" />
	<mvc:resources mapping="/resources/**" location="/resources/" cache-period="86400" />
	<mvc:resources mapping="/upload/**" location="/upload/" cache-period="86400" />

	<mvc:interceptors>
		<mvc:interceptor>
			<mvc:mapping path="/resources/**" />
			<bean class="org.springframework.web.servlet.mvc.WebContentInterceptor">
				<property name="cacheSeconds" value="86400" />
			</bean>
		</mvc:interceptor>
		<mvc:interceptor>
			<mvc:mapping path="/cart/**" />
			<mvc:mapping path="/order/**" />
			<mvc:mapping path="/member/**" />
			<mvc:mapping path="/business/**" />
			<mvc:mapping path="/admin/**" />
			<bean class="org.springframework.web.servlet.mvc.WebContentInterceptor">
				<property name="cacheSeconds" value="0" />
			</bean>
		</mvc:interceptor>
		<mvc:interceptor>
			<mvc:mapping path="/admin/**" />
			<bean class="net.ptnetwork.security.CurrentUserHandlerInterceptor">
				<property name="userClass" value="net.ptnetwork.entity.Admin" />
			</bean>
		</mvc:interceptor>
		<mvc:interceptor>
			<mvc:mapping path="/**" />
			<mvc:exclude-mapping path="/payment/**" />
			<bean class="net.ptnetwork.security.CsrfInterceptor" />
		</mvc:interceptor>
		<mvc:interceptor>
			<mvc:mapping path="/**" />
			<mvc:exclude-mapping path="/admin/**" />
			<mvc:exclude-mapping path="/business/product/**" />
			<mvc:exclude-mapping path="/business/delivery_template/**" />
			<mvc:exclude-mapping path="/business/discount_promotion/**" />
			<mvc:exclude-mapping path="/business/full_reduction_promotion/**" />
			<mvc:exclude-mapping path="/business/coupon/**" />
			<bean class="net.ptnetwork.interceptor.ValidateInterceptor" />
		</mvc:interceptor>
		<mvc:interceptor>
			<mvc:mapping path="/business/product/**" />
			<mvc:mapping path="/business/delivery_template/**" />
			<mvc:mapping path="/business/discount_promotion/**" />
			<mvc:mapping path="/business/full_reduction_promotion/**" />
			<mvc:mapping path="/business/coupon/**" />
			<bean class="net.ptnetwork.interceptor.ValidateInterceptor">
				<property name="whitelistType" value="relaxed" />
			</bean>
		</mvc:interceptor>
		<mvc:interceptor>
			<mvc:mapping path="/**" />
			<bean class="org.springframework.orm.jpa.support.OpenEntityManagerInViewInterceptor">
				<property name="entityManagerFactory" ref="entityManagerFactory" />
			</bean>
		</mvc:interceptor>
		<mvc:interceptor>
			<mvc:mapping path="/member/register/submit" />
			<bean class="net.ptnetwork.captcha.CaptchaInterceptor">
				<property name="captchaType" value="memberRegister" />
			</bean>
		</mvc:interceptor>
		<mvc:interceptor>
			<mvc:mapping path="/business/register/submit" />
			<bean class="net.ptnetwork.captcha.CaptchaInterceptor">
				<property name="captchaType" value="businessRegister" />
			</bean>
		</mvc:interceptor>
		<mvc:interceptor>
			<mvc:mapping path="/review/save" />
			<bean class="net.ptnetwork.captcha.CaptchaInterceptor">
				<property name="captchaType" value="review" />
			</bean>
		</mvc:interceptor>
		<mvc:interceptor>
			<mvc:mapping path="/consultation/save" />
			<bean class="net.ptnetwork.captcha.CaptchaInterceptor">
				<property name="captchaType" value="consultation" />
			</bean>
		</mvc:interceptor>
		<mvc:interceptor>
			<mvc:mapping path="/password/forgot" />
			<bean class="net.ptnetwork.captcha.CaptchaInterceptor">
				<property name="captchaType" value="forgotPassword" />
			</bean>
		</mvc:interceptor>
		<mvc:interceptor>
			<mvc:mapping path="/password/reset" />
			<bean class="net.ptnetwork.captcha.CaptchaInterceptor">
				<property name="captchaType" value="resetPassword" />
			</bean>
		</mvc:interceptor>
		<mvc:interceptor>
			<mvc:mapping path="/admin/**" />
			<bean class="net.ptnetwork.interceptor.ListInterceptor" />
		</mvc:interceptor>
		<mvc:interceptor>
			<mvc:mapping path="/admin/**" />
			<bean class="net.ptnetwork.audit.AuditLogInterceptor" />
		</mvc:interceptor>
	</mvc:interceptors>

	<bean id="validator" class="org.springframework.validation.beanvalidation.LocalValidatorFactoryBean">
		<property name="validationMessageSource" ref="messageSource" />
	</bean>

	<bean id="viewResolver" class="org.springframework.mobile.device.view.LiteDeviceDelegatingViewResolver">
		<constructor-arg>
			<bean class="org.springframework.web.servlet.view.freemarker.FreeMarkerViewResolver">
				<property name="contentType" value="${html_content_type}" />
				<property name="suffix" value="${template.suffix}" />
			</bean>
		</constructor-arg>
		<property name="mobilePrefix" value="mobile/" />
		<property name="tabletPrefix" value="tablet/" />
		<property name="enableFallback" value="true" />
	</bean>

	<bean id="multipartResolver" class="org.springframework.web.multipart.commons.CommonsMultipartResolver">
		<property name="defaultEncoding" value="UTF-8" />
	</bean>
</beans>