<?xml version="1.0" encoding="UTF-8"?>
<ehcache xmlns:xsi="http://www.w3.org/2001/XMLSchema-instance" xsi:noNamespaceSchemaLocation="http://ehcache.org/ehcache.xsd" updateCheck="false">

	<diskStore path="${java.io.tmpdir}/ptnetwork_cache" />

	<cache name="setting" maxElementsInMemory="100" eternal="true" overflowToDisk="true" copyOnRead="true" />
	<cache name="templateConfig" maxElementsInMemory="100" eternal="true" overflowToDisk="true" />
	<cache name="pluginConfig" maxElementsInMemory="100" eternal="true" overflowToDisk="true" />
	<cache name="messageConfig" maxElementsInMemory="100" eternal="true" overflowToDisk="true" />
	<cache name="index" maxElementsInMemory="100" timeToIdleSeconds="60" timeToLiveSeconds="60" eternal="false" overflowToDisk="true" />
	<cache name="area" maxElementsInMemory="1000" timeToIdleSeconds="3600" timeToLiveSeconds="86400" eternal="false" overflowToDisk="true" />
	<cache name="seo" maxElementsInMemory="1000" timeToIdleSeconds="3600" timeToLiveSeconds="86400" eternal="false" overflowToDisk="true" />
	<cache name="adPosition" maxElementsInMemory="1000" timeToIdleSeconds="3600" timeToLiveSeconds="86400" eternal="false" overflowToDisk="true" />
	<cache name="memberAttribute" maxElementsInMemory="1000" timeToIdleSeconds="3600" timeToLiveSeconds="86400" eternal="false" overflowToDisk="true" />
	<cache name="businessAttribute" maxElementsInMemory="1000" timeToIdleSeconds="3600" timeToLiveSeconds="86400" eternal="false" overflowToDisk="true" />
	<cache name="navigation" maxElementsInMemory="1000" timeToIdleSeconds="3600" timeToLiveSeconds="86400" eternal="false" overflowToDisk="true" />
	<cache name="friendLink" maxElementsInMemory="1000" timeToIdleSeconds="3600" timeToLiveSeconds="86400" eternal="false" overflowToDisk="true" />
	<cache name="brand" maxElementsInMemory="1000" timeToIdleSeconds="3600" timeToLiveSeconds="86400" eternal="false" overflowToDisk="true" />
	<cache name="attribute" maxElementsInMemory="1000" timeToIdleSeconds="3600" timeToLiveSeconds="86400" eternal="false" overflowToDisk="true" />
	<cache name="article" maxElementsInMemory="1000" timeToIdleSeconds="3600" timeToLiveSeconds="86400" eternal="false" overflowToDisk="true" />
	<cache name="articleCategory" maxElementsInMemory="1000" timeToIdleSeconds="3600" timeToLiveSeconds="86400" eternal="false" overflowToDisk="true" />
	<cache name="articleTag" maxElementsInMemory="1000" timeToIdleSeconds="3600" timeToLiveSeconds="86400" eternal="false" overflowToDisk="true" />
	<cache name="product" maxElementsInMemory="1000" timeToIdleSeconds="3600" timeToLiveSeconds="86400" eternal="false" overflowToDisk="true" />
	<cache name="productCategory" maxElementsInMemory="1000" timeToIdleSeconds="3600" timeToLiveSeconds="86400" eternal="false" overflowToDisk="true" />
	<cache name="storeProductCategory" maxElementsInMemory="1000" timeToIdleSeconds="3600" timeToLiveSeconds="86400" eternal="false" overflowToDisk="true" />
	<cache name="productTag" maxElementsInMemory="1000" timeToIdleSeconds="3600" timeToLiveSeconds="86400" eternal="false" overflowToDisk="true" />
	<cache name="productFavorite" maxElementsInMemory="1000" timeToIdleSeconds="3600" timeToLiveSeconds="86400" eternal="false" overflowToDisk="true" />
	<cache name="storeFavorite" maxElementsInMemory="1000" timeToIdleSeconds="3600" timeToLiveSeconds="86400" eternal="false" overflowToDisk="true" />
	<cache name="review" maxElementsInMemory="1000" timeToIdleSeconds="3600" timeToLiveSeconds="86400" eternal="false" overflowToDisk="true" />
	<cache name="consultation" maxElementsInMemory="1000" timeToIdleSeconds="3600" timeToLiveSeconds="86400" eternal="false" overflowToDisk="true" />
	<cache name="promotion" maxElementsInMemory="1000" timeToIdleSeconds="3600" timeToLiveSeconds="86400" eternal="false" overflowToDisk="true" />
	<cache name="sitemap" maxElementsInMemory="1000" timeToIdleSeconds="3600" timeToLiveSeconds="86400" eternal="false" overflowToDisk="true" />
	<cache name="commonJs" maxElementsInMemory="1000" timeToIdleSeconds="3600" timeToLiveSeconds="86400" eternal="false" overflowToDisk="true" />
	<cache name="transitSteps" maxElementsInMemory="1000" timeToIdleSeconds="3600" timeToLiveSeconds="86400" eternal="false" overflowToDisk="true" />
	<cache name="articleHits" maxElementsInMemory="1000" timeToIdleSeconds="3600" timeToLiveSeconds="86400" eternal="false" overflowToDisk="true" diskPersistent="true" />
	<cache name="productHits" maxElementsInMemory="1000" timeToIdleSeconds="3600" timeToLiveSeconds="86400" eternal="false" overflowToDisk="true" diskPersistent="true" />
	<cache name="orderLock" maxElementsInMemory="1000000" timeToLiveSeconds="60" eternal="false" overflowToDisk="true" />
	<cache name="captcha" maxElementsInMemory="1000000" timeToIdleSeconds="600" timeToLiveSeconds="600" eternal="false" overflowToDisk="true" />
	<cache name="authorization" maxElementsInMemory="1000000" timeToIdleSeconds="3600" timeToLiveSeconds="86400" eternal="false" overflowToDisk="true" />
	<cache name="failedLoginAttempts" maxElementsInMemory="1000000" eternal="true" overflowToDisk="true" />

</ehcache>