<?xml version="1.0" encoding="UTF-8"?>
<configuration>

	<property name="LOG_FILE" value="${LOG_FILE:-${LOG_PATH:-${LOG_TEMP:-${java.io.tmpdir:-/tmp}}}/ptnetwork.log}" />
	<property name="CONSOLE_LOG_PATTERN" value="%d{yyyy-MM-dd HH:mm:ss} [%thread] %-5level %logger{60} - %msg%n" />
	<property name="FILE_LOG_PATTERN" value="%d{yyyy-MM-dd HH:mm:ss} [%thread] %-5level %logger{60} - %msg%n" />

	<appender name="CONSOLE" class="ch.qos.logback.core.ConsoleAppender">
		<encoder>
			<pattern>${CONSOLE_LOG_PATTERN}</pattern>
			<charset>utf8</charset>
		</encoder>
	</appender>

	<appender name="FILE" class="ch.qos.logback.core.rolling.RollingFileAppender">
		<encoder>
			<pattern>${FILE_LOG_PATTERN}</pattern>
		</encoder>
		<file>${LOG_FILE}</file>
		<rollingPolicy class="ch.qos.logback.core.rolling.FixedWindowRollingPolicy">
			<fileNamePattern>${LOG_FILE}.%i</fileNamePattern>
		</rollingPolicy>
		<triggeringPolicy class="ch.qos.logback.core.rolling.SizeBasedTriggeringPolicy">
			<MaxFileSize>10MB</MaxFileSize>
		</triggeringPolicy>
	</appender>

	<!--
	<appender name="COALESCING_STATISTICS" class="org.perf4j.logback.AsyncCoalescingStatisticsAppender">
		<param name="timeSlice" value="600000" />
		<appender-ref ref="FILE" />
	</appender>
	-->

	<root level="warn">
		<appender-ref ref="CONSOLE" />
		<appender-ref ref="FILE" />
	</root>

	<!--
	<logger name="jdbc.sqltiming" level="INFO" />
	<logger name="org.perf4j.TimingLogger" level="INFO" additivity="false">
		<appender-ref ref="COALESCING_STATISTICS" />
	</logger>
	-->

</configuration>